# generation	version	name	checksum	file
1	2	deposit-forfeited	sha256:3a2364128ce9a28292b92030cad3f35bf29afdf8b395d95569a90e6880c1b199	0002_deposit_forfeited.sql
1	3	guest-relations-phase2	sha256:496943a4ea454697856c87bb941575647220f1c835384cc0ea94f688ee4e9936	0003_guest_relations_phase2.sql
1	4	consent-locale-zh	sha256:c94054d6d4ffb66ed0161f1fdb655af46072757ef67921ec6cee51d00b7b28ae	0004_consent_locale_zh.sql
1	5	data-transfer-permissions	sha256:79c504497fabb3c03f0157a741ce3911493cb95758095610c1356f94fa0c1cc0	0005_data_transfer_permissions.sql
1	6	channel-pricing	sha256:a324f9569f9dbfaabe43b60993d7a5e9bae4681ca5b012b794cf4eb1331612c3	0006_channel_pricing.sql
1	7	consent-locale-zh-tw	sha256:954caff4d4aa7fd9a3c0fcd06fbe592bb51aad1b8e92989715a96811532c7b63	0007_consent_locale_zh_tw.sql
1	8	distributed-state	sha256:105f39fcc6fb2bf5e863fdc5f1e323d76bc4d963ce0643223a521bb5da472960	0008_distributed_state.sql
1	9	booking-smoking-preference	sha256:2f2fcf92df454f75abd7c72b049bb677c9ddb151698d9fd06b27fabb792b810a	0009_booking_smoking_preference.sql
1	10	online-inventory-manage-permission	sha256:aaec2382f07b6c322cffb0b7af884ea5765e5b79b7a12bad4c37d08d9da7d0f7	0010_online_inventory_manage_permission.sql
1	11	default-locale	sha256:21c1777bf308934fc4d040e93fd77ecf431b0a4cd33c51de1e901e99373431aa	0011_default_locale.sql
1	12	new-reservation-visible-time	sha256:6e93a6aece2063116980e4c9800e494b04507598e8fdfe9dd74f87f5700f02fe	0012_new_reservation_visible_time.sql
1	13	staff-notifications	sha256:25409fe1779d02b692051223135019993d37df24e35bd861381f2cb5c7c6c9e6	0013_staff_notifications.sql
1	14	new-reservation-visible-time-default	sha256:1b2d33af09b65f1de27816415e3d957fce9d560e7734da6f7c859b10005b8576	0014_new_reservation_visible_time_default.sql
